image file,label
101837.jpg,N
102480.jpg,M
105295.jpg,N
107574.jpg,M
113739.jpg,M
11652.jpg,N
116761.jpg,N
123047.jpg,M
132435.jpg,N
134255.jpg,M
137588.jpg,N
138783.jpg,M
13892.jpg,M
139635.jpg,N
152672.jpg,M
155013.jpg,N
164798.jpg,M
16525.jpg,N
167403.jpg,M
170538.jpg,N
174668.jpg,M
178619.jpg,M
190156.jpg,N
194901.jpg,N
195028.jpg,N
196215.jpg,N
197238.jpg,N
198988.jpg,N
200593.jpg,M
203229.jpg,N
207376.jpg,M
210817.jpg,N
212307.jpg,M
214624.jpg,N
216398.jpg,N
216695.jpg,M
217330.jpg,M
217846.jpg,N
218256.jpg,N
219547.jpg,N
220212.jpg,N
225258.jpg,N
226110.jpg,N
228319.jpg,N
235126.jpg,N
236237.jpg,M
237378.jpg,N
252922.jpg,N
268518.jpg,N
270957.jpg,N
271159.jpg,M
273397.jpg,M
274499.jpg,N
276366.jpg,N
284372.jpg,M
28575.jpg,N
291422.jpg,N
294184.jpg,N
294850.jpg,N
298026.jpg,M
298543.jpg,M
298831.jpg,N
303789.jpg,N
304864.jpg,N
305887.jpg,N
308127.jpg,N
308392.jpg,M
309592.jpg,N
318781.jpg,M
329500.jpg,M
331294.jpg,N
331515.jpg,N
336836.jpg,M
337780.jpg,M
340808.jpg,M
340814.jpg,N
342202.jpg,N
345150.jpg,N
349806.jpg,M
352206.jpg,M
352249.jpg,M
355191.jpg,M
356428.jpg,M
359881.jpg,N
362174.jpg,M
362813.jpg,M
366888.jpg,M
370546.jpg,M
375889.jpg,N
386890.jpg,N
387209.jpg,N
387334.jpg,M
387882.jpg,M
394596.jpg,N
395460.jpg,N
400432.jpg,N
403641.jpg,N
404490.jpg,N
415355.jpg,N
416035.jpg,M
419505.jpg,N
420762.jpg,N
421496.jpg,M
423440.jpg,M
424039.jpg,M
424259.jpg,M
425723.jpg,N
431652.jpg,N
43205.jpg,M
441094.jpg,N
442637.jpg,N
446242.jpg,N
446490.jpg,M
446536.jpg,N
45227.jpg,N
455927.jpg,M
456442.jpg,M
461642.jpg,M
463190.jpg,M
463876.jpg,N
464629.jpg,N
470263.jpg,N
475622.jpg,N
486200.jpg,N
486959.jpg,N
492430.jpg,M
495687.jpg,M
497105.jpg,M
497757.jpg,N
498251.jpg,M
49902.jpg,M
509941.jpg,N
512445.jpg,N
516681.jpg,N
526218.jpg,N
52930.jpg,N
531933.jpg,N
537454.jpg,M
539176.jpg,M
541376.jpg,M
544728.jpg,M
545473.jpg,N
553136.jpg,M
557410.jpg,M
560397.jpg,N
566861.jpg,M
570558.jpg,M
571086.jpg,N
571247.jpg,N
571295.jpg,M
572836.jpg,M
572961.jpg,N
578096.jpg,N
582259.jpg,N
584877.jpg,N
588454.jpg,M
593311.jpg,M
598284.jpg,N
600723.jpg,N
602276.jpg,M
60265.jpg,M
603503.jpg,N
607714.jpg,M
609055.jpg,M
609103.jpg,M
61403.jpg,M
616526.jpg,N
618485.jpg,N
620746.jpg,N
624980.jpg,N
626442.jpg,N
633229.jpg,M
634570.jpg,N
63646.jpg,N
638762.jpg,N
639591.jpg,M
652614.jpg,M
6567.jpg,N
658912.jpg,N
661713.jpg,N
670649.jpg,N
671671.jpg,N
676791.jpg,M
676858.jpg,N
676869.jpg,N
679471.jpg,N
68469.jpg,M
689405.jpg,M
691670.jpg,N
693755.jpg,N
694569.jpg,N
69974.jpg,M
701236.jpg,N
704542.jpg,N
706853.jpg,N
707783.jpg,N
713783.jpg,M
714264.jpg,N
714528.jpg,N
721507.jpg,M
722111.jpg,N
72315.jpg,N
724337.jpg,M
725448.jpg,M
725946.jpg,M
73356.jpg,N
734353.jpg,M
736535.jpg,M
73988.jpg,N
74201.jpg,N
745384.jpg,N
746149.jpg,M
746976.jpg,N
74766.jpg,N
747749.jpg,N
747928.jpg,N
750016.jpg,N
751590.jpg,M
754008.jpg,M
756202.jpg,N
757503.jpg,M
760062.jpg,N
763063.jpg,N
769043.jpg,M
769835.jpg,N
773058.jpg,M
776661.jpg,N
785490.jpg,N
786772.jpg,M
787963.jpg,M
789135.jpg,M
800785.jpg,M
80098.jpg,N
801375.jpg,N
804025.jpg,N
808246.jpg,N
808631.jpg,N
810444.jpg,N
81121.jpg,N
821442.jpg,N
825533.jpg,N
826911.jpg,N
827188.jpg,N
827291.jpg,N
836394.jpg,N
839942.jpg,N
840601.jpg,M
840683.jpg,N
846650.jpg,M
847528.jpg,N
848634.jpg,N
854160.jpg,M
85920.jpg,N
861740.jpg,N
865457.jpg,N
866098.jpg,M
867585.jpg,N
868570.jpg,N
873191.jpg,N
874226.jpg,N
875935.jpg,M
876564.jpg,N
876960.jpg,M
880371.jpg,N
881968.jpg,M
882651.jpg,N
882749.jpg,M
890407.jpg,M
891036.jpg,M
893419.jpg,M
89614.jpg,N
915640.jpg,M
919214.jpg,N
925395.jpg,N
929625.jpg,N
930086.jpg,M
933786.jpg,N
936679.jpg,N
937066.jpg,M
937397.jpg,N
937882.jpg,N
944958.jpg,M
952112.jpg,N
953469.jpg,M
957760.jpg,N
958511.jpg,N
95952.jpg,N
959807.jpg,M
963502.jpg,N
964512.jpg,M
965687.jpg,N
967512.jpg,M
982273.jpg,N
982661.jpg,N
98599.jpg,N
986712.jpg,M
987998.jpg,N
98830.jpg,N
989981.jpg,N
990638.jpg,M
